{
  "model": "atas_epoch4",
  "foreground_miou": 0.335848331451416,
  "foreground_pixel_acc": 0.4895963966846466,
  "mean_class_acc": 0.549363911151886,
  "class_iou": {
    "aeroplane": 0.5234302878379822,
    "bicycle": 0.16621705889701843,
    "bird": 0.2879522740840912,
    "boat": 0.3827526569366455,
    "bottle": 0.2630932927131653,
    "bus": 0.5236338376998901,
    "car": 0.4938930571079254,
    "cat": 0.6002853512763977,
    "chair": 0.05791459605097771,
    "cow": 0.5362800359725952,
    "dining table": 0.1743125021457672,
    "dog": 0.4685175120830536,
    "horse": 0.620909571647644,
    "motorbike": 0.17071163654327393,
    "person": 0.017060870304703712,
    "potted plant": 0.1026434674859047,
    "sheep": 0.3949506878852844,
    "sofa": 0.130442276597023,
    "train": 0.5196558237075806,
    "tv monitor": 0.2823096513748169
  }
}