{
  "model": "semantic_guard_probe_sclip",
  "dense_mode": "sclip",
  "foreground_miou": 0.6613991260528564,
  "foreground_pixel_acc": 0.777186930179596,
  "mean_class_acc": 0.8103792071342468,
  "class_iou": {
    "aeroplane": 0.801547110080719,
    "bicycle": 0.3652603030204773,
    "bird": 0.7449977397918701,
    "boat": 0.6599427461624146,
    "bottle": 0.6132261157035828,
    "bus": 0.8596929907798767,
    "car": 0.8137542605400085,
    "cat": 0.8458012342453003,
    "chair": 0.2531469762325287,
    "cow": 0.8062162399291992,
    "dining table": 0.32187938690185547,
    "dog": 0.8482728004455566,
    "horse": 0.8164854645729065,
    "motorbike": 0.5471020936965942,
    "person": 0.48447760939598083,
    "potted plant": 0.6386635303497314,
    "sheep": 0.8277760148048401,
    "sofa": 0.5264878273010254,
    "train": 0.8231992721557617,
    "tv monitor": 0.6300520896911621
  }
}