{
  "model": "atas_full_imagenet_epoch6_sclip",
  "dense_mode": "sclip",
  "foreground_miou": 0.4244278073310852,
  "foreground_pixel_acc": 0.5618149042129517,
  "mean_class_acc": 0.6388013958930969,
  "class_iou": {
    "aeroplane": 0.7272712588310242,
    "bicycle": 0.1712847650051117,
    "bird": 0.5185075998306274,
    "boat": 0.40347281098365784,
    "bottle": 0.2510799765586853,
    "bus": 0.6403399705886841,
    "car": 0.7156081199645996,
    "cat": 0.5684208869934082,
    "chair": 0.09989413619041443,
    "cow": 0.41432949900627136,
    "dining table": 0.300775945186615,
    "dog": 0.6411464214324951,
    "horse": 0.7171181440353394,
    "motorbike": 0.30370083451271057,
    "person": 0.03239259868860245,
    "potted plant": 0.34881722927093506,
    "sheep": 0.6348693370819092,
    "sofa": 0.3205035328865051,
    "train": 0.39121800661087036,
    "tv monitor": 0.28780511021614075
  }
}