{
  "model": "atas_full_imagenet_epoch4",
  "dense_mode": "vanilla",
  "foreground_miou": 0.2980591654777527,
  "foreground_pixel_acc": 0.4625312387943268,
  "mean_class_acc": 0.5114215612411499,
  "class_iou": {
    "aeroplane": 0.3449481129646301,
    "bicycle": 0.1576688140630722,
    "bird": 0.2775005102157593,
    "boat": 0.2571220397949219,
    "bottle": 0.23043511807918549,
    "bus": 0.5169291496276855,
    "car": 0.38275328278541565,
    "cat": 0.5389901399612427,
    "chair": 0.03203146904706955,
    "cow": 0.4661274254322052,
    "dining table": 0.2070745825767517,
    "dog": 0.47990095615386963,
    "horse": 0.5276984572410583,
    "motorbike": 0.2034817337989807,
    "person": 0.0063368468545377254,
    "potted plant": 0.12814861536026,
    "sheep": 0.4697777330875397,
    "sofa": 0.1171315610408783,
    "train": 0.41306909918785095,
    "tv monitor": 0.2040584534406662
  }
}