model,top1_knn,top5_neighbor_hit,mean_top1_similarity,mean_own_centroid_similarity,mean_nearest_other_centroid_similarity,centroid_margin
openclip_baseline,0.89,0.96525,0.8730416107177734,0.8601768817603588,0.7844777931720018,0.07569908858835697
checkpoint_epoch_1,0.89,0.96775,0.7221927032470703,0.665135612973012,0.45017319716513154,0.21496241580788047
baseline_vs_atas_query_drift,,,,0.7020043134689331,0.38075682520866394,0.8811246156692505
