class,iou
oil stain,0.18085439503192902
stain,0.03377849608659744
scratch,0.06736885011196136
