{
  "model": "atas_full_imagenet_epoch2",
  "dense_mode": "vanilla",
  "foreground_miou": 0.31077173352241516,
  "foreground_pixel_acc": 0.4709450900554657,
  "mean_class_acc": 0.5238126516342163,
  "class_iou": {
    "aeroplane": 0.39777350425720215,
    "bicycle": 0.1542033851146698,
    "bird": 0.3082044720649719,
    "boat": 0.27991241216659546,
    "bottle": 0.2489020824432373,
    "bus": 0.5504029393196106,
    "car": 0.4216977059841156,
    "cat": 0.5369541049003601,
    "chair": 0.037699144333601,
    "cow": 0.4815951883792877,
    "dining table": 0.19613242149353027,
    "dog": 0.4897601008415222,
    "horse": 0.5646037459373474,
    "motorbike": 0.21047168970108032,
    "person": 0.0037869333755224943,
    "potted plant": 0.1159449964761734,
    "sheep": 0.4757913053035736,
    "sofa": 0.10948947817087173,
    "train": 0.38173189759254456,
    "tv monitor": 0.2503770589828491
  }
}