{
  "model": "atas_epoch6",
  "foreground_miou": 0.3287428617477417,
  "foreground_pixel_acc": 0.4853687286376953,
  "mean_class_acc": 0.5461586713790894,
  "class_iou": {
    "aeroplane": 0.4868322014808655,
    "bicycle": 0.17326322197914124,
    "bird": 0.30471745133399963,
    "boat": 0.358985036611557,
    "bottle": 0.25351661443710327,
    "bus": 0.5710189938545227,
    "car": 0.4929713308811188,
    "cat": 0.5600181221961975,
    "chair": 0.0538136325776577,
    "cow": 0.4835999011993408,
    "dining table": 0.18020714819431305,
    "dog": 0.4599774181842804,
    "horse": 0.5767977833747864,
    "motorbike": 0.21041347086429596,
    "person": 0.015180484391748905,
    "potted plant": 0.10495875775814056,
    "sheep": 0.39503175020217896,
    "sofa": 0.13058577477931976,
    "train": 0.4944579005241394,
    "tv monitor": 0.26850947737693787
  }
}