class,iou
clean phone screen background,0.6474189162254333
oil stain,0.0016253467183560133
stain,0.00013836158905178308
scratch,0.00018576110596768558
