{
  "model": "atas_epoch3",
  "foreground_miou": 0.3604447841644287,
  "foreground_pixel_acc": 0.5173690319061279,
  "mean_class_acc": 0.5788819193840027,
  "class_iou": {
    "aeroplane": 0.5097349882125854,
    "bicycle": 0.17387910187244415,
    "bird": 0.31113556027412415,
    "boat": 0.36827513575553894,
    "bottle": 0.29871881008148193,
    "bus": 0.6091390252113342,
    "car": 0.48859062790870667,
    "cat": 0.5982975959777832,
    "chair": 0.07167837023735046,
    "cow": 0.5662510395050049,
    "dining table": 0.19513168931007385,
    "dog": 0.503570020198822,
    "horse": 0.6262978911399841,
    "motorbike": 0.21103060245513916,
    "person": 0.022964922711253166,
    "potted plant": 0.12266179174184799,
    "sheep": 0.46777018904685974,
    "sofa": 0.13384996354579926,
    "train": 0.6255489587783813,
    "tv monitor": 0.30436936020851135
  }
}