{
  "model": "atas_epoch5",
  "foreground_miou": 0.3334392011165619,
  "foreground_pixel_acc": 0.4864617586135864,
  "mean_class_acc": 0.547046959400177,
  "class_iou": {
    "aeroplane": 0.5124927163124084,
    "bicycle": 0.1513187736272812,
    "bird": 0.3032488226890564,
    "boat": 0.3573983311653137,
    "bottle": 0.266830712556839,
    "bus": 0.527108907699585,
    "car": 0.47166359424591064,
    "cat": 0.5679084658622742,
    "chair": 0.06748931854963303,
    "cow": 0.5576745271682739,
    "dining table": 0.17700108885765076,
    "dog": 0.4601728916168213,
    "horse": 0.6076205372810364,
    "motorbike": 0.19341067969799042,
    "person": 0.014395109377801418,
    "potted plant": 0.10615255683660507,
    "sheep": 0.41373252868652344,
    "sofa": 0.11275976896286011,
    "train": 0.5143623352050781,
    "tv monitor": 0.2860426604747772
  }
}