class,iou
clean phone screen background,0.497982382774353
oil stain,0.0041098883375525475
stain,0.0
scratch,1.9612458345363848e-05
