{
  "model": "full_atas_epoch3",
  "miou": 0.12552796304225922,
  "pixel_acc": 0.4988686442375183,
  "foreground_miou": 0.0013765002368018031,
  "foreground_pixel_acc": 0.2597772479057312,
  "mean_class_acc": 0.20407719910144806,
  "class_iou": {
    "clean phone screen background": 0.497982382774353,
    "oil stain": 0.0041098883375525475,
    "stain": 0.0,
    "scratch": 1.9612458345363848e-05
  }
}