model,top1_knn,top5_neighbor_hit,mean_top1_similarity,mean_own_centroid_similarity,mean_nearest_other_centroid_similarity,centroid_margin
openclip_baseline,0.89,0.96525,0.8730416107177734,0.8601768817603588,0.7844777931720018,0.07569908858835697
checkpoint_epoch_6,0.8965,0.965,0.7426186370849609,0.6733853254243731,0.4481711714938283,0.22521415393054486
baseline_vs_atas_query_drift,,,,0.6640666723251343,0.5163750052452087,0.7566990256309509
