model,top1_knn,top5_neighbor_hit,mean_top1_similarity,mean_own_centroid_similarity,mean_nearest_other_centroid_similarity,centroid_margin
openclip_baseline,0.89,0.96525,0.8730416107177734,0.8601768817603588,0.7844777931720018,0.07569908858835697
atas_checkpoint_epoch_3,0.89125,0.96175,0.7422415237426758,0.6733506700992584,0.44945250045135615,0.22389816964790224
baseline_vs_atas_query_drift,,,,0.6613441109657288,0.5081253051757812,0.7757670283317566
