class,iou
oil stain,0.7454233765602112
stain,0.001832340843975544
scratch,0.025220543146133423
