{
  "model": "full_atas_epoch3",
  "miou": 0.2574920952320099,
  "pixel_acc": 0.7428096532821655,
  "foreground_miou": 0.2574920952320099,
  "foreground_pixel_acc": 0.7428096532821655,
  "mean_class_acc": 0.31237390637397766,
  "class_iou": {
    "oil stain": 0.7454233765602112,
    "stain": 0.001832340843975544,
    "scratch": 0.025220543146133423
  }
}